Label,channel,time,condition,total_vRNAs_smFISH,total_vRNAs_intensity
CoV-FISH-01C_R1_10h_INF_00011_cleared__results_cell_10.npz,gRNA,10,Untreated,10547,12106.83181
CoV-FISH-01C_R1_10h_INF_00003_cleared__results_cell_6.npz,gRNA,10,Untreated,8255,8504.495557
CoV-FISH-01C_R1_10h_INF_00003_cleared__results_cell_16.npz,gRNA,10,Untreated,7064,4685.195524
CoV-FISH-01C_R1_10h_INF_00012_cleared__results_cell_11.npz,gRNA,10,Untreated,6937,9138.092361
CoV-FISH-01C_R1_10h_INF_00020_cleared__results_cell_2.npz,gRNA,10,Untreated,5863,5734.327202
CoV-FISH-01C_R1_10h_INF_00001_cleared__results_cell_21.npz,gRNA,10,Untreated,4769,6204.509869
CoV-FISH-01C_R1_10h_INF_00001_cleared__results_cell_1.npz,gRNA,10,Untreated,4753,3609.971089
CoV-FISH-01C_R1_10h_INF_00004_cleared__results_cell_6.npz,gRNA,10,Untreated,4054,2967.854939
CoV-FISH-01C_R1_10h_INF_00012_cleared__results_cell_21.npz,gRNA,10,Untreated,3901,3898.736699
CoV-FISH-01C_R1_10h_INF_00001_cleared__results_cell_8.npz,gRNA,10,Untreated,3716,4260.875125
CoV-FISH-01C_R1_10h_INF_00002_cleared__results_cell_8.npz,gRNA,10,Untreated,3642,2598.409033
CoV-FISH-01C_R1_10h_INF_00011_cleared__results_cell_15.npz,gRNA,10,Untreated,3182,2465.09557
CoV-FISH-01C_R1_10h_INF_00003_cleared__results_cell_10.npz,gRNA,10,Untreated,3083,2239.218198
CoV-FISH-01C_R1_10h_INF_00013_cleared__results_cell_35.npz,gRNA,10,Untreated,3052,3293.804108
CoV-FISH-01C_R1_10h_INF_00008_cleared__results_cell_15.npz,gRNA,10,Untreated,2887,2542.491905
CoV-FISH-01C_R1_10h_INF_00019_cleared__results_cell_25.npz,gRNA,10,Untreated,2874,3732.229184
CoV-FISH-01C_R1_10h_INF_00015_cleared__results_cell_0.npz,gRNA,10,Untreated,2750,3709.028432
CoV-FISH-01C_R1_10h_INF_00013_cleared__results_cell_30.npz,gRNA,10,Untreated,2667,2864.808057
CoV-FISH-01C_R1_10h_INF_00001_cleared__results_cell_18.npz,gRNA,10,Untreated,2651,2121.268281
CoV-FISH-01C_R1_10h_INF_00018_cleared__results_cell_22.npz,gRNA,10,Untreated,2580,1843.787843
CoV-FISH-01C_R1_10h_INF_00007_cleared__results_cell_10.npz,gRNA,10,Untreated,2537,2643.469541
CoV-FISH-01C_R1_10h_INF_00010_cleared__results_cell_16.npz,gRNA,10,Untreated,2358,1882.451683
CoV-FISH-01C_R1_10h_INF_00003_cleared__results_cell_20.npz,gRNA,10,Untreated,2195,2087.51662
CoV-FISH-01C_R1_10h_INF_00011_cleared__results_cell_9.npz,gRNA,10,Untreated,2127,2144.569354
CoV-FISH-01C_R1_10h_INF_00003_cleared__results_cell_24.npz,gRNA,10,Untreated,1983,1723.436576
CoV-FISH-01C_R1_10h_INF_00010_cleared__results_cell_31.npz,gRNA,10,Untreated,1978,1466.771338
CoV-FISH-01C_R1_10h_INF_00018_cleared__results_cell_1.npz,gRNA,10,Untreated,1865,2141.626947
CoV-FISH-01C_R1_10h_INF_00003_cleared__results_cell_32.npz,gRNA,10,Untreated,1663,1893.88653
CoV-FISH-01C_R1_10h_INF_00013_cleared__results_cell_11.npz,gRNA,10,Untreated,1654,1686.984148
CoV-FISH-01C_R1_10h_INF_00016_cleared__results_cell_8.npz,gRNA,10,Untreated,1636,1331.115736
CoV-FISH-01C_R1_10h_INF_00002_cleared__results_cell_18.npz,gRNA,10,Untreated,1624,1598.677112
CoV-FISH-01C_R1_10h_INF_00011_cleared__results_cell_0.npz,gRNA,10,Untreated,1367,1789.338618
CoV-FISH-01C_R1_10h_INF_00013_cleared__results_cell_27.npz,gRNA,10,Untreated,1292,1249.674532
CoV-FISH-01C_R1_10h_INF_00011_cleared__results_cell_21.npz,gRNA,10,Untreated,1237,1634.185933
CoV-FISH-01C_R1_10h_INF_00011_cleared__results_cell_5.npz,gRNA,10,Untreated,1228,1074.999011
CoV-FISH-01C_R1_10h_INF_00011_cleared__results_cell_22.npz,gRNA,10,Untreated,1163,1558.904654
CoV-FISH-01C_R1_10h_INF_00010_cleared__results_cell_30.npz,gRNA,10,Untreated,1132,1390.135337
CoV-FISH-01C_R1_10h_INF_00013_cleared__results_cell_32.npz,gRNA,10,Untreated,1051,727.1800715
CoV-FISH-01C_R1_10h_INF_00017_cleared__results_cell_15.npz,gRNA,10,Untreated,996,1171.56954
CoV-FISH-01C_R1_10h_INF_00005_cleared__results_cell_0.npz,gRNA,10,Untreated,928,985.4089952
CoV-FISH-01C_R1_10h_INF_00013_cleared__results_cell_25.npz,gRNA,10,Untreated,902,795.1278783
CoV-FISH-01C_R1_10h_INF_00011_cleared__results_cell_1.npz,gRNA,10,Untreated,896,682.533618
CoV-FISH-01C_R1_10h_INF_00018_cleared__results_cell_17.npz,gRNA,10,Untreated,885,954.876512
CoV-FISH-01C_R1_10h_INF_00012_cleared__results_cell_8.npz,gRNA,10,Untreated,837,926.7613776
CoV-FISH-01C_R1_10h_INF_00004_cleared__results_cell_9.npz,gRNA,10,Untreated,803,923.1922641
CoV-FISH-01C_R1_10h_INF_00003_cleared__results_cell_4.npz,gRNA,10,Untreated,773,805.8328724
CoV-FISH-01C_R1_10h_INF_00020_cleared__results_cell_8.npz,gRNA,10,Untreated,758,678.1200026
CoV-FISH-01C_R1_10h_INF_00005_cleared__results_cell_5.npz,gRNA,10,Untreated,755,625.4204186
CoV-FISH-01C_R1_10h_INF_00002_cleared__results_cell_3.npz,gRNA,10,Untreated,747,879.846846
CoV-FISH-01C_R1_10h_INF_00013_cleared__results_cell_33.npz,gRNA,10,Untreated,730,571.0241689
CoV-FISH-01C_R1_10h_INF_00006_cleared__results_cell_0.npz,gRNA,10,Untreated,728,948.2543878
CoV-FISH-01C_R1_10h_INF_00020_cleared__results_cell_6.npz,gRNA,10,Untreated,726,673.9633865
CoV-FISH-01C_R1_10h_INF_00002_cleared__results_cell_12.npz,gRNA,10,Untreated,716,788.314679
CoV-FISH-01C_R1_10h_INF_00003_cleared__results_cell_11.npz,gRNA,10,Untreated,630,413.8766805
CoV-FISH-01C_R1_10h_INF_00003_cleared__results_cell_19.npz,gRNA,10,Untreated,630,735.4733042
CoV-FISH-01C_R1_10h_INF_00016_cleared__results_cell_9.npz,gRNA,10,Untreated,622,492.9562974
CoV-FISH-01C_R1_10h_INF_00009_cleared__results_cell_1.npz,gRNA,10,Untreated,619,543.2430951
CoV-FISH-01C_R1_10h_INF_00010_cleared__results_cell_24.npz,gRNA,10,Untreated,611,724.8025979
CoV-FISH-01C_R1_10h_INF_00002_cleared__results_cell_10.npz,gRNA,10,Untreated,603,435.7581181
CoV-FISH-01C_R1_10h_INF_00011_cleared__results_cell_2.npz,gRNA,10,Untreated,595,769.3956097
CoV-FISH-01C_R1_10h_INF_00001_cleared__results_cell_26.npz,gRNA,10,Untreated,589,555.0644308
CoV-FISH-01C_R1_10h_INF_00016_cleared__results_cell_11.npz,gRNA,10,Untreated,582,646.7700831
CoV-FISH-01C_R1_10h_INF_00020_cleared__results_cell_10.npz,gRNA,10,Untreated,569,689.5997719
CoV-FISH-01C_R1_10h_INF_00013_cleared__results_cell_24.npz,gRNA,10,Untreated,561,659.5753474
CoV-FISH-01C_R1_10h_INF_00019_cleared__results_cell_11.npz,gRNA,10,Untreated,561,524.3152072
CoV-FISH-01C_R1_10h_INF_00008_cleared__results_cell_10.npz,gRNA,10,Untreated,555,738.9579421
CoV-FISH-01C_R1_10h_INF_00019_cleared__results_cell_19.npz,gRNA,10,Untreated,549,726.1231456
CoV-FISH-01C_R1_10h_INF_00020_cleared__results_cell_7.npz,gRNA,10,Untreated,548,704.5976646
CoV-FISH-01C_R1_10h_INF_00002_cleared__results_cell_14.npz,gRNA,10,Untreated,531,691.1884301
CoV-FISH-01C_R1_10h_INF_00019_cleared__results_cell_17.npz,gRNA,10,Untreated,528,517.2515169
CoV-FISH-01C_R1_10h_INF_00002_cleared__results_cell_9.npz,gRNA,10,Untreated,523,576.3041224
CoV-FISH-01C_R1_10h_INF_00004_cleared__results_cell_4.npz,gRNA,10,Untreated,509,582.791474
CoV-FISH-01C_R1_10h_INF_00001_cleared__results_cell_34.npz,gRNA,10,Untreated,505,525.5850005
CoV-FISH-01C_R1_10h_INF_00003_cleared__results_cell_21.npz,gRNA,10,Untreated,487,434.6198549
CoV-FISH-01C_R1_10h_INF_00002_cleared__results_cell_1.npz,gRNA,10,Untreated,486,648.5782366
CoV-FISH-01C_R1_10h_INF_00013_cleared__results_cell_3.npz,gRNA,10,Untreated,475,412.7355019
CoV-FISH-01C_R1_10h_INF_00004_cleared__results_cell_13.npz,gRNA,10,Untreated,459,375.6097766
CoV-FISH-01C_R1_10h_INF_00002_cleared__results_cell_6.npz,gRNA,10,Untreated,458,345.6980454
CoV-FISH-01C_R1_10h_INF_00016_cleared__results_cell_12.npz,gRNA,10,Untreated,458,473.65382
CoV-FISH-01C_R1_10h_INF_00005_cleared__results_cell_23.npz,gRNA,10,Untreated,440,489.8323634
CoV-FISH-01C_R1_10h_INF_00003_cleared__results_cell_18.npz,gRNA,10,Untreated,417,512.0974151
CoV-FISH-01C_R1_10h_INF_00013_cleared__results_cell_29.npz,gRNA,10,Untreated,416,441.3767487
CoV-FISH-01C_R1_10h_INF_00010_cleared__results_cell_20.npz,gRNA,10,Untreated,415,489.2537761
CoV-FISH-01C_R1_10h_INF_00001_cleared__results_cell_20.npz,gRNA,10,Untreated,414,389.10184
CoV-FISH-01C_R1_10h_INF_00006_cleared__results_cell_7.npz,gRNA,10,Untreated,401,287.3287487
CoV-FISH-01C_R1_10h_INF_00018_cleared__results_cell_18.npz,gRNA,10,Untreated,397,277.6182022
CoV-FISH-01C_R1_10h_INF_00010_cleared__results_cell_36.npz,gRNA,10,Untreated,396,410.1287349
CoV-FISH-01C_R1_10h_INF_00014_cleared__results_cell_1.npz,gRNA,10,Untreated,390,502.099578
CoV-FISH-01C_R1_10h_INF_00002_cleared__results_cell_11.npz,gRNA,10,Untreated,386,345.1127713
CoV-FISH-01C_R1_10h_INF_00011_cleared__results_cell_3.npz,gRNA,10,Untreated,384,387.1726469
CoV-FISH-01C_R1_10h_INF_00014_cleared__results_cell_3.npz,gRNA,10,Untreated,381,377.4792549
CoV-FISH-01C_R1_10h_INF_00012_cleared__results_cell_16.npz,gRNA,10,Untreated,367,286.9609275
CoV-FISH-01C_R1_10h_INF_00003_cleared__results_cell_30.npz,gRNA,10,Untreated,365,350.5111637
CoV-FISH-01C_R1_10h_INF_00011_cleared__results_cell_28.npz,gRNA,10,Untreated,362,395.8910292
CoV-FISH-01C_R1_10h_INF_00006_cleared__results_cell_19.npz,gRNA,10,Untreated,360,238.2847936
CoV-FISH-01C_R1_10h_INF_00001_cleared__results_cell_27.npz,gRNA,10,Untreated,356,471.3405304
CoV-FISH-01C_R1_10h_INF_00008_cleared__results_cell_14.npz,gRNA,10,Untreated,352,441.2605809
CoV-FISH-01C_R1_10h_INF_00003_cleared__results_cell_15.npz,gRNA,10,Untreated,340,374.4588232
CoV-FISH-01C_R1_10h_INF_00018_cleared__results_cell_2.npz,gRNA,10,Untreated,339,224.5834011
CoV-FISH-01C_R1_10h_INF_00001_cleared__results_cell_11.npz,gRNA,10,Untreated,338,236.8724018
CoV-FISH-01C_R1_10h_INF_00003_cleared__results_cell_29.npz,gRNA,10,Untreated,337,410.7421992
CoV-FISH-01C_R1_10h_INF_00005_cleared__results_cell_30.npz,gRNA,10,Untreated,337,284.7909609
CoV-FISH-01C_R1_10h_INF_00006_cleared__results_cell_22.npz,gRNA,10,Untreated,337,374.5519677
CoV-FISH-01C_R1_10h_INF_00006_cleared__results_cell_23.npz,gRNA,10,Untreated,337,429.0168832
CoV-FISH-01C_R1_10h_INF_00001_cleared__results_cell_19.npz,gRNA,10,Untreated,328,437.5653429
CoV-FISH-01C_R1_10h_INF_00003_cleared__results_cell_25.npz,gRNA,10,Untreated,324,423.5040071
CoV-FISH-01C_R1_10h_INF_00016_cleared__results_cell_14.npz,gRNA,10,Untreated,313,260.6798762
CoV-FISH-01C_R1_10h_INF_00005_cleared__results_cell_2.npz,gRNA,10,Untreated,307,290.2147257
CoV-FISH-01C_R1_10h_INF_00019_cleared__results_cell_22.npz,gRNA,10,Untreated,307,317.0556735
CoV-FISH-01C_R1_10h_INF_00017_cleared__results_cell_4.npz,gRNA,10,Untreated,306,241.2757523
CoV-FISH-01C_R1_10h_INF_00010_cleared__results_cell_0.npz,gRNA,10,Untreated,304,332.7380986
CoV-FISH-01C_R1_10h_INF_00019_cleared__results_cell_10.npz,gRNA,10,Untreated,301,396.8867456
CoV-FISH-01C_R1_10h_INF_00001_cleared__results_cell_10.npz,gRNA,10,Untreated,300,364.9005977
CoV-FISH-01C_R1_10h_INF_00004_cleared__results_cell_11.npz,gRNA,10,Untreated,290,267.6271359
CoV-FISH-01C_R1_10h_INF_00020_cleared__results_cell_9.npz,gRNA,10,Untreated,282,329.9826932
CoV-FISH-01C_R1_10h_INF_00010_cleared__results_cell_15.npz,gRNA,10,Untreated,281,350.6767278
CoV-FISH-01C_R1_10h_INF_00006_cleared__results_cell_14.npz,gRNA,10,Untreated,280,270.006602
CoV-FISH-01C_R1_10h_INF_00009_cleared__results_cell_22.npz,gRNA,10,Untreated,280,353.9943701
CoV-FISH-01C_R1_10h_INF_00001_cleared__results_cell_2.npz,gRNA,10,Untreated,274,344.9116417
CoV-FISH-01C_R1_10h_INF_00004_cleared__results_cell_3.npz,gRNA,10,Untreated,274,226.7935092
CoV-FISH-01C_R1_10h_INF_00002_cleared__results_cell_5.npz,gRNA,10,Untreated,268,234.1380716
CoV-FISH-01C_R1_10h_INF_00018_cleared__results_cell_20.npz,gRNA,10,Untreated,268,342.0145533
CoV-FISH-01C_R1_10h_INF_00005_cleared__results_cell_26.npz,gRNA,10,Untreated,267,286.9469039
CoV-FISH-01C_R1_10h_INF_00011_cleared__results_cell_29.npz,gRNA,10,Untreated,265,225.140632
CoV-FISH-01C_R1_10h_INF_00006_cleared__results_cell_3.npz,gRNA,10,Untreated,261,224.3547377
CoV-FISH-01C_R1_10h_INF_00013_cleared__results_cell_18.npz,gRNA,10,Untreated,261,291.0095801
CoV-FISH-01C_R1_10h_INF_00019_cleared__results_cell_9.npz,gRNA,10,Untreated,261,205.2455871
CoV-FISH-01C_R1_10h_INF_00001_cleared__results_cell_5.npz,gRNA,10,Untreated,260,283.0321806
CoV-FISH-01C_R1_10h_INF_00015_cleared__results_cell_14.npz,gRNA,10,Untreated,260,314.9656332
CoV-FISH-01C_R1_10h_INF_00019_cleared__results_cell_15.npz,gRNA,10,Untreated,260,241.7662771
CoV-FISH-01C_R1_10h_INF_00014_cleared__results_cell_17.npz,gRNA,10,Untreated,259,233.7351333
CoV-FISH-01C_R1_10h_INF_00013_cleared__results_cell_4.npz,gRNA,10,Untreated,256,213.665325
CoV-FISH-01C_R1_10h_INF_00005_cleared__results_cell_29.npz,gRNA,10,Untreated,251,290.0920147
CoV-FISH-01C_R1_10h_INF_00018_cleared__results_cell_11.npz,gRNA,10,Untreated,249,252.9952146
CoV-FISH-01C_R1_10h_INF_00001_cleared__results_cell_32.npz,gRNA,10,Untreated,244,305.297427
CoV-FISH-01C_R1_10h_INF_00003_cleared__results_cell_26.npz,gRNA,10,Untreated,244,270.2962341
CoV-FISH-01C_R1_10h_INF_00007_cleared__results_cell_1.npz,gRNA,10,Untreated,244,243.6672149
CoV-FISH-01C_R1_10h_INF_00012_cleared__results_cell_9.npz,gRNA,10,Untreated,240,208.2639716
CoV-FISH-01C_R1_10h_INF_00016_cleared__results_cell_3.npz,gRNA,10,Untreated,240,268.6612164
CoV-FISH-01C_R1_10h_INF_00003_cleared__results_cell_22.npz,gRNA,10,Untreated,238,246.7611378
CoV-FISH-01C_R1_10h_INF_00005_cleared__results_cell_3.npz,gRNA,10,Untreated,237,196.0426112
CoV-FISH-01C_R1_10h_INF_00004_cleared__results_cell_12.npz,gRNA,10,Untreated,234,213.7130049
CoV-FISH-01C_R1_10h_INF_00010_cleared__results_cell_8.npz,gRNA,10,Untreated,234,152.454468
CoV-FISH-01C_R1_10h_INF_00019_cleared__results_cell_3.npz,gRNA,10,Untreated,232,293.8974295
CoV-FISH-01C_R1_10h_INF_00009_cleared__results_cell_0.npz,gRNA,10,Untreated,231,219.6448309
CoV-FISH-01C_R1_10h_INF_00008_cleared__results_cell_11.npz,gRNA,10,Untreated,229,282.0184416
CoV-FISH-01C_R1_10h_INF_00016_cleared__results_cell_7.npz,gRNA,10,Untreated,228,160.118511
CoV-FISH-01C_R1_10h_INF_00006_cleared__results_cell_2.npz,gRNA,10,Untreated,226,186.5185747
CoV-FISH-01C_R1_10h_INF_00020_cleared__results_cell_11.npz,gRNA,10,Untreated,226,226.1983247
CoV-FISH-01C_R1_10h_INF_00010_cleared__results_cell_27.npz,gRNA,10,Untreated,224,250.7016588
CoV-FISH-01C_R1_10h_INF_00017_cleared__results_cell_22.npz,gRNA,10,Untreated,224,175.4551903
CoV-FISH-01C_R1_10h_INF_00004_cleared__results_cell_14.npz,gRNA,10,Untreated,223,227.0607343
CoV-FISH-01C_R1_10h_INF_00019_cleared__results_cell_18.npz,gRNA,10,Untreated,221,259.5561075
CoV-FISH-01C_R1_10h_INF_00019_cleared__results_cell_23.npz,gRNA,10,Untreated,220,285.7051676
CoV-FISH-01C_R1_10h_INF_00011_cleared__results_cell_20.npz,gRNA,10,Untreated,219,233.5314849
CoV-FISH-01C_R1_10h_INF_00011_cleared__results_cell_12.npz,gRNA,10,Untreated,218,257.4125716
CoV-FISH-01C_R1_10h_INF_00013_cleared__results_cell_15.npz,gRNA,10,Untreated,216,201.4400364
CoV-FISH-01C_R1_10h_INF_00017_cleared__results_cell_18.npz,gRNA,10,Untreated,216,283.5344343
CoV-FISH-01C_R1_10h_INF_00001_cleared__results_cell_12.npz,gRNA,10,Untreated,214,235.0364609
CoV-FISH-01C_R1_10h_INF_00001_cleared__results_cell_17.npz,gRNA,10,Untreated,212,210.278092
CoV-FISH-01C_R1_10h_INF_00013_cleared__results_cell_7.npz,gRNA,10,Untreated,212,227.2304154
CoV-FISH-01C_R1_10h_INF_00016_cleared__results_cell_13.npz,gRNA,10,Untreated,212,155.0271134
CoV-FISH-01C_R1_10h_INF_00017_cleared__results_cell_8.npz,gRNA,10,Untreated,211,213.4615621
CoV-FISH-01C_R1_10h_INF_00006_cleared__results_cell_20.npz,gRNA,10,Untreated,209,211.8263882
CoV-FISH-01C_R1_10h_INF_00012_cleared__results_cell_3.npz,gRNA,10,Untreated,208,192.027423
CoV-FISH-01C_R1_10h_INF_00008_cleared__results_cell_16.npz,gRNA,10,Untreated,207,179.0159722
CoV-FISH-01C_R1_10h_INF_00001_cleared__results_cell_22.npz,gRNA,10,Untreated,202,194.0952339
CoV-FISH-01C_R1_10h_INF_00007_cleared__results_cell_5.npz,gRNA,10,Untreated,202,262.1974723
CoV-FISH-01C_R1_10h_INF_00008_cleared__results_cell_4.npz,gRNA,10,Untreated,202,167.7580661
CoV-FISH-01C_R1_10h_INF_00001_cleared__results_cell_6.npz,gRNA,10,Untreated,200,144.8602516
CoV-FISH-01C_R1_10h_INF_00020_cleared__results_cell_23.npz,gRNA,10,Untreated,200,200.9020797
CoV-FISH-01C_R1_10h_INF_00001_cleared__results_cell_9.npz,gRNA,10,Untreated,199,142.0024746
CoV-FISH-01C_R1_10h_INF_00012_cleared__results_cell_13.npz,gRNA,10,Untreated,198,149.4859466
CoV-FISH-01C_R1_10h_INF_00017_cleared__results_cell_21.npz,gRNA,10,Untreated,198,228.4442899
CoV-FISH-01C_R1_10h_INF_00007_cleared__results_cell_6.npz,gRNA,10,Untreated,193,164.2311241
CoV-FISH-01C_R1_10h_INF_00010_cleared__results_cell_22.npz,gRNA,10,Untreated,193,210.2057753
CoV-FISH-01C_R1_10h_INF_00010_cleared__results_cell_32.npz,gRNA,10,Untreated,191,243.9215867
CoV-FISH-01C_R1_10h_INF_00015_cleared__results_cell_2.npz,gRNA,10,Untreated,186,222.6950449
CoV-FISH-01C_R1_10h_INF_00008_cleared__results_cell_18.npz,gRNA,10,Untreated,181,170.2227984
CoV-FISH-01C_R1_10h_INF_00011_cleared__results_cell_14.npz,gRNA,10,Untreated,181,125.4267223
CoV-FISH-01C_R1_10h_INF_00005_cleared__results_cell_21.npz,gRNA,10,Untreated,180,224.633275
CoV-FISH-01C_R1_10h_INF_00014_cleared__results_cell_22.npz,gRNA,10,Untreated,179,181.2950108
CoV-FISH-01C_R1_10h_INF_00009_cleared__results_cell_15.npz,gRNA,10,Untreated,178,195.2179606
CoV-FISH-01C_R1_10h_INF_00020_cleared__results_cell_15.npz,gRNA,10,Untreated,178,142.9202038
CoV-FISH-01C_R1_10h_INF_00013_cleared__results_cell_38.npz,gRNA,10,Untreated,177,191.7468411
CoV-FISH-01C_R1_10h_INF_00018_cleared__results_cell_7.npz,gRNA,10,Untreated,176,175.114957
CoV-FISH-01C_R1_10h_INF_00012_cleared__results_cell_17.npz,gRNA,10,Untreated,175,154.5426126
CoV-FISH-01C_R1_10h_INF_00006_cleared__results_cell_18.npz,gRNA,10,Untreated,172,198.8844337
CoV-FISH-01C_R1_10h_INF_00007_cleared__results_cell_2.npz,gRNA,10,Untreated,172,181.9297081
CoV-FISH-01C_R1_10h_INF_00006_cleared__results_cell_6.npz,gRNA,10,Untreated,171,175.6100753
CoV-FISH-01C_R1_10h_INF_00014_cleared__results_cell_15.npz,gRNA,10,Untreated,171,228.888016
CoV-FISH-01C_R1_10h_INF_00019_cleared__results_cell_12.npz,gRNA,10,Untreated,170,203.7720974
CoV-FISH-01C_R1_10h_INF_00005_cleared__results_cell_10.npz,gRNA,10,Untreated,168,215.7644903
CoV-FISH-01C_R1_10h_INF_00003_cleared__results_cell_13.npz,gRNA,10,Untreated,167,208.7438701
CoV-FISH-01C_R1_10h_INF_00007_cleared__results_cell_0.npz,gRNA,10,Untreated,166,204.3627238
CoV-FISH-01C_R1_10h_INF_00012_cleared__results_cell_15.npz,gRNA,10,Untreated,164,213.8403388
CoV-FISH-01C_R1_10h_INF_00003_cleared__results_cell_17.npz,gRNA,10,Untreated,161,207.0437511
CoV-FISH-01C_R1_10h_INF_00013_cleared__results_cell_28.npz,gRNA,10,Untreated,160,139.7947226
CoV-FISH-01C_R1_10h_INF_00009_cleared__results_cell_25.npz,gRNA,10,Untreated,159,201.8111583
CoV-FISH-01C_R1_10h_INF_00020_cleared__results_cell_4.npz,gRNA,10,Untreated,159,110.9054079
CoV-FISH-01C_R1_10h_INF_00003_cleared__results_cell_14.npz,gRNA,10,Untreated,155,183.2356987
CoV-FISH-01C_R1_10h_INF_00006_cleared__results_cell_21.npz,gRNA,10,Untreated,154,168.4734718
CoV-FISH-01C_R1_10h_INF_00014_cleared__results_cell_10.npz,gRNA,10,Untreated,154,129.0677233
CoV-FISH-01C_R1_10h_INF_00004_cleared__results_cell_1.npz,gRNA,10,Untreated,153,128.9666668
CoV-FISH-01C_R1_10h_INF_00015_cleared__results_cell_11.npz,gRNA,10,Untreated,153,143.7460012
CoV-FISH-01C_R1_10h_INF_00011_cleared__results_cell_11.npz,gRNA,10,Untreated,151,132.8050311
CoV-FISH-01C_R1_10h_INF_00018_cleared__results_cell_12.npz,gRNA,10,Untreated,151,151.2347959
CoV-FISH-01C_R1_10h_INF_00002_cleared__results_cell_4.npz,gRNA,10,Untreated,150,168.469055
CoV-FISH-01C_R1_10h_INF_00011_cleared__results_cell_6.npz,gRNA,10,Untreated,150,194.4000818
CoV-FISH-01C_R1_10h_INF_00013_cleared__results_cell_31.npz,gRNA,10,Untreated,150,155.6798586
CoV-FISH-01C_R1_10h_INF_00017_cleared__results_cell_20.npz,gRNA,10,Untreated,149,138.1736833
CoV-FISH-01C_R1_10h_INF_00005_cleared__results_cell_15.npz,gRNA,10,Untreated,147,121.611658
CoV-FISH-01C_R1_10h_INF_00005_cleared__results_cell_17.npz,gRNA,10,Untreated,147,168.7591871
CoV-FISH-01C_R1_10h_INF_00019_cleared__results_cell_4.npz,gRNA,10,Untreated,147,138.6996627
CoV-FISH-01C_R1_10h_INF_00001_cleared__results_cell_31.npz,gRNA,10,Untreated,146,120.5668941
CoV-FISH-01C_R1_10h_INF_00003_cleared__results_cell_23.npz,gRNA,10,Untreated,146,175.4710494
CoV-FISH-01C_R1_10h_INF_00013_cleared__results_cell_10.npz,gRNA,10,Untreated,146,189.7443077
CoV-FISH-01C_R1_10h_INF_00011_cleared__results_cell_17.npz,gRNA,10,Untreated,145,121.7428623
CoV-FISH-01C_R1_10h_INF_00009_cleared__results_cell_2.npz,gRNA,10,Untreated,144,111.8843468
CoV-FISH-01C_R1_10h_INF_00016_cleared__results_cell_4.npz,gRNA,10,Untreated,144,147.5929484
CoV-FISH-01C_R1_10h_INF_00001_cleared__results_cell_30.npz,gRNA,10,Untreated,143,109.8724281
CoV-FISH-01C_R1_10h_INF_00011_cleared__results_cell_16.npz,gRNA,10,Untreated,143,129.4944943
CoV-FISH-01C_R1_10h_INF_00005_cleared__results_cell_8.npz,gRNA,10,Untreated,140,97.03519764
CoV-FISH-01C_R1_10h_INF_00007_cleared__results_cell_9.npz,gRNA,10,Untreated,139,156.498852
CoV-FISH-01C_R1_10h_INF_00018_cleared__results_cell_23.npz,gRNA,10,Untreated,139,98.79093221
CoV-FISH-01C_R1_10h_INF_00020_cleared__results_cell_5.npz,gRNA,10,Untreated,139,135.6250808
CoV-FISH-01C_R1_10h_INF_00001_cleared__results_cell_24.npz,gRNA,10,Untreated,138,91.11317644
CoV-FISH-01C_R1_10h_INF_00005_cleared__results_cell_20.npz,gRNA,10,Untreated,137,157.1152986
CoV-FISH-01C_R1_10h_INF_00009_cleared__results_cell_16.npz,gRNA,10,Untreated,137,175.0847276
CoV-FISH-01C_R1_10h_INF_00017_cleared__results_cell_27.npz,gRNA,10,Untreated,137,138.9464638
CoV-FISH-01C_R1_10h_INF_00020_cleared__results_cell_17.npz,gRNA,10,Untreated,137,140.3137498
CoV-FISH-01C_R1_10h_INF_00007_cleared__results_cell_4.npz,gRNA,10,Untreated,136,116.1525424
CoV-FISH-01C_R1_10h_INF_00008_cleared__results_cell_17.npz,gRNA,10,Untreated,136,167.7760477
CoV-FISH-01C_R1_10h_INF_00008_cleared__results_cell_7.npz,gRNA,10,Untreated,136,136.2799986
CoV-FISH-01C_R1_10h_INF_00013_cleared__results_cell_8.npz,gRNA,10,Untreated,135,120.1322425
CoV-FISH-01C_R1_10h_INF_00017_cleared__results_cell_0.npz,gRNA,10,Untreated,135,128.227605
CoV-FISH-01C_R1_10h_INF_00010_cleared__results_cell_29.npz,gRNA,10,Untreated,134,108.9274697
CoV-FISH-01C_R1_10h_INF_00012_cleared__results_cell_6.npz,gRNA,10,Untreated,133,102.1893801
CoV-FISH-01C_R1_10h_INF_00006_cleared__results_cell_17.npz,gRNA,10,Untreated,132,112.0800645
CoV-FISH-01C_R1_10h_INF_00010_cleared__results_cell_3.npz,gRNA,10,Untreated,132,125.0509591
CoV-FISH-01C_R1_10h_INF_00001_cleared__results_cell_3.npz,gRNA,10,Untreated,130,169.1947261
CoV-FISH-01C_R1_10h_INF_00012_cleared__results_cell_12.npz,gRNA,10,Untreated,130,171.4594511
CoV-FISH-01C_R1_10h_INF_00016_cleared__results_cell_16.npz,gRNA,10,Untreated,130,125.4233534
CoV-FISH-01C_R1_10h_INF_00002_cleared__results_cell_17.npz,gRNA,10,Untreated,129,163.506011
CoV-FISH-01C_R1_10h_INF_00012_cleared__results_cell_18.npz,gRNA,10,Untreated,129,164.6195144
CoV-FISH-01C_R1_10h_INF_00014_cleared__results_cell_12.npz,gRNA,10,Untreated,129,122.6546915
CoV-FISH-01C_R1_10h_INF_00014_cleared__results_cell_6.npz,gRNA,10,Untreated,129,102.0256767
CoV-FISH-01C_R1_10h_INF_00018_cleared__results_cell_10.npz,gRNA,10,Untreated,128,133.9737525
CoV-FISH-01C_R1_10h_INF_00014_cleared__results_cell_0.npz,gRNA,10,Untreated,127,151.4519965
CoV-FISH-01C_R1_10h_INF_00014_cleared__results_cell_2.npz,gRNA,10,Untreated,127,110.396756
CoV-FISH-01C_R1_10h_INF_00001_cleared__results_cell_35.npz,gRNA,10,Untreated,126,155.5653461
CoV-FISH-01C_R1_10h_INF_00002_cleared__results_cell_0.npz,gRNA,10,Untreated,126,143.5148006
CoV-FISH-01C_R1_10h_INF_00020_cleared__results_cell_21.npz,gRNA,10,Untreated,126,160.5594244
CoV-FISH-01C_R1_10h_INF_00004_cleared__results_cell_15.npz,gRNA,10,Untreated,125,133.726321
CoV-FISH-01C_R1_10h_INF_00009_cleared__results_cell_4.npz,gRNA,10,Untreated,124,112.4113214
CoV-FISH-01C_R1_10h_INF_00020_cleared__results_cell_22.npz,gRNA,10,Untreated,124,106.6699507
CoV-FISH-01C_R1_10h_INF_00014_cleared__results_cell_7.npz,gRNA,10,Untreated,123,163.4934368
CoV-FISH-01C_R1_10h_INF_00019_cleared__results_cell_20.npz,gRNA,10,Untreated,122,149.1195447
CoV-FISH-01C_R1_10h_INF_00001_cleared__results_cell_7.npz,gRNA,10,Untreated,119,80.65083182
CoV-FISH-01C_R1_10h_INF_00006_cleared__results_cell_9.npz,gRNA,10,Untreated,119,92.70823995
CoV-FISH-01C_R1_10h_INF_00015_cleared__results_cell_9.npz,gRNA,10,Untreated,118,151.3383299
CoV-FISH-01C_R1_10h_INF_00011_cleared__results_cell_25.npz,gRNA,10,Untreated,115,145.9048411
CoV-FISH-01C_R1_10h_INF_00014_cleared__results_cell_23.npz,gRNA,10,Untreated,115,113.3550584
CoV-FISH-01C_R1_10h_INF_00015_cleared__results_cell_12.npz,gRNA,10,Untreated,115,84.72468983
CoV-FISH-01C_R1_10h_INF_00017_cleared__results_cell_11.npz,gRNA,10,Untreated,115,96.52609789
CoV-FISH-01C_R1_10h_INF_00013_cleared__results_cell_5.npz,gRNA,10,Untreated,114,110.6766624
CoV-FISH-01C_R1_10h_INF_00014_cleared__results_cell_5.npz,gRNA,10,Untreated,114,114.3346725
CoV-FISH-01C_R1_10h_INF_00018_cleared__results_cell_14.npz,gRNA,10,Untreated,113,103.9709302
CoV-FISH-01C_R1_10h_INF_00007_cleared__results_cell_8.npz,gRNA,10,Untreated,112,137.5248839
CoV-FISH-01C_R1_10h_INF_00020_cleared__results_cell_12.npz,gRNA,10,Untreated,112,83.45509391
CoV-FISH-01C_R1_10h_INF_00020_cleared__results_cell_14.npz,gRNA,10,Untreated,112,143.3799873
CoV-FISH-01C_R1_10h_INF_00005_cleared__results_cell_14.npz,gRNA,10,Untreated,110,139.2131238
CoV-FISH-01C_R1_10h_INF_00011_cleared__results_cell_13.npz,gRNA,10,Untreated,110,107.9815375
CoV-FISH-01C_R1_10h_INF_00017_cleared__results_cell_10.npz,gRNA,10,Untreated,109,82.31534978
CoV-FISH-01C_R1_10h_INF_00010_cleared__results_cell_14.npz,gRNA,10,Untreated,107,118.6426196
CoV-FISH-01C_R1_10h_INF_00012_cleared__results_cell_1.npz,gRNA,10,Untreated,107,95.99115817
CoV-FISH-01C_R1_10h_INF_00001_cleared__results_cell_15.npz,gRNA,10,Untreated,106,102.7831152
CoV-FISH-01C_R1_10h_INF_00007_cleared__results_cell_7.npz,gRNA,10,Untreated,106,71.05028062
CoV-FISH-01C_R1_10h_INF_00010_cleared__results_cell_33.npz,gRNA,10,Untreated,106,108.2444919
CoV-FISH-01C_R1_10h_INF_00013_cleared__results_cell_6.npz,gRNA,10,Untreated,106,142.8097457
CoV-FISH-01C_R1_10h_INF_00014_cleared__results_cell_9.npz,gRNA,10,Untreated,106,73.61391394
CoV-FISH-01C_R1_10h_INF_00005_cleared__results_cell_7.npz,gRNA,10,Untreated,104,96.90159951
CoV-FISH-01C_R1_10h_INF_00014_cleared__results_cell_4.npz,gRNA,10,Untreated,104,90.46998286
CoV-FISH-01C_R1_10h_INF_00012_cleared__results_cell_10.npz,gRNA,10,Untreated,103,81.26035178
CoV-FISH-01C_R1_10h_INF_00007_cleared__results_cell_16.npz,gRNA,10,Untreated,102,74.06385793
CoV-FISH-01C_R1_10h_INF_00001_cleared__results_cell_4.npz,gRNA,10,Untreated,100,113.2700415
CoV-FISH-01C_R1_10h_INF_00005_cleared__results_cell_13.npz,gRNA,10,Untreated,100,94.67031059
CoV-FISH-01C_R1_10h_INF_00012_cleared__results_cell_4.npz,gRNA,10,Untreated,100,108.3825172
CoV-FISH-01C_R1_10h_INF_00018_cleared__results_cell_16.npz,gRNA,10,Untreated,100,97.36395321
CoV-FISH-01C_R1_10h_INF_00011_cleared__results_cell_23.npz,gRNA,10,Untreated,99,121.5620293
CoV-FISH-01C_R1_10h_INF_00003_cleared__results_cell_9.npz,gRNA,10,Untreated,98,71.67318559
CoV-FISH-01C_R1_10h_INF_00005_cleared__results_cell_6.npz,gRNA,10,Untreated,98,74.50440261
CoV-FISH-01C_R1_10h_INF_00012_cleared__results_cell_0.npz,gRNA,10,Untreated,97,65.41926953
CoV-FISH-01C_R1_10h_INF_00010_cleared__results_cell_26.npz,gRNA,10,Untreated,96,100.3516005
CoV-FISH-01C_R1_10h_INF_00019_cleared__results_cell_21.npz,gRNA,10,Untreated,96,70.75836725
CoV-FISH-01C_R1_10h_INF_00017_cleared__results_cell_23.npz,gRNA,10,Untreated,95,89.48291507
CoV-FISH-01C_R1_10h_INF_00017_cleared__results_cell_25.npz,gRNA,10,Untreated,95,82.2252408
CoV-FISH-01C_R1_10h_INF_00002_cleared__results_cell_13.npz,gRNA,10,Untreated,94,107.4041303
CoV-FISH-01C_R1_10h_INF_00011_cleared__results_cell_27.npz,gRNA,10,Untreated,94,91.27192048
CoV-FISH-01C_R1_10h_INF_00005_cleared__results_cell_22.npz,gRNA,10,Untreated,93,120.2737227
CoV-FISH-01C_R1_10h_INF_00005_cleared__results_cell_9.npz,gRNA,10,Untreated,92,77.44172215
CoV-FISH-01C_R1_10h_INF_00010_cleared__results_cell_21.npz,gRNA,10,Untreated,92,95.08602093
CoV-FISH-01C_R1_10h_INF_00008_cleared__results_cell_5.npz,gRNA,10,Untreated,91,113.4913425
CoV-FISH-01C_R1_10h_INF_00012_cleared__results_cell_14.npz,gRNA,10,Untreated,90,87.41084832
CoV-FISH-01C_R1_10h_INF_00013_cleared__results_cell_26.npz,gRNA,10,Untreated,90,71.98463723
CoV-FISH-01C_R1_10h_INF_00003_cleared__results_cell_7.npz,gRNA,10,Untreated,89,71.36216478
CoV-FISH-01C_R1_10h_INF_00004_cleared__results_cell_7.npz,gRNA,10,Untreated,89,100.8960793
CoV-FISH-01C_R1_10h_INF_00013_cleared__results_cell_16.npz,gRNA,10,Untreated,89,69.53955907
CoV-FISH-01C_R1_10h_INF_00006_cleared__results_cell_12.npz,gRNA,10,Untreated,88,82.8171835
CoV-FISH-01C_R1_10h_INF_00009_cleared__results_cell_19.npz,gRNA,10,Untreated,88,104.5465685
CoV-FISH-01C_R1_10h_INF_00019_cleared__results_cell_0.npz,gRNA,10,Untreated,87,58.80143073
CoV-FISH-01C_R1_10h_INF_00010_cleared__results_cell_17.npz,gRNA,10,Untreated,86,59.56251893
CoV-FISH-01C_R1_10h_INF_00010_cleared__results_cell_28.npz,gRNA,10,Untreated,86,86.1349164
CoV-FISH-01C_R1_10h_INF_00014_cleared__results_cell_19.npz,gRNA,10,Untreated,86,96.15989488
CoV-FISH-01C_R1_10h_INF_00009_cleared__results_cell_20.npz,gRNA,10,Untreated,84,99.24987282
CoV-FISH-01C_R1_10h_INF_00019_cleared__results_cell_27.npz,gRNA,10,Untreated,84,61.32975717
CoV-FISH-01C_R1_10h_INF_00006_cleared__results_cell_1.npz,gRNA,10,Untreated,83,65.0872394
CoV-FISH-01C_R1_10h_INF_00009_cleared__results_cell_5.npz,gRNA,10,Untreated,83,60.24790858
CoV-FISH-01C_R1_10h_INF_00013_cleared__results_cell_19.npz,gRNA,10,Untreated,83,107.2616505
CoV-FISH-01C_R1_10h_INF_00001_cleared__results_cell_23.npz,gRNA,10,Untreated,82,101.3762955
CoV-FISH-01C_R1_10h_INF_00005_cleared__results_cell_19.npz,gRNA,10,Untreated,82,72.67266437
CoV-FISH-01C_R1_10h_INF_00007_cleared__results_cell_12.npz,gRNA,10,Untreated,82,98.57582664
CoV-FISH-01C_R1_10h_INF_00017_cleared__results_cell_14.npz,gRNA,10,Untreated,81,52.86943217
CoV-FISH-01C_R1_10h_INF_00009_cleared__results_cell_23.npz,gRNA,10,Untreated,80,56.52262403
CoV-FISH-01C_R1_10h_INF_00018_cleared__results_cell_5.npz,gRNA,10,Untreated,80,77.99278807
CoV-FISH-01C_R1_10h_INF_00006_cleared__results_cell_4.npz,gRNA,10,Untreated,79,83.25140424
CoV-FISH-01C_R1_10h_INF_00017_cleared__results_cell_16.npz,gRNA,10,Untreated,79,69.61489966
CoV-FISH-01C_R1_10h_INF_00019_cleared__results_cell_14.npz,gRNA,10,Untreated,79,74.75876172
CoV-FISH-01C_R1_10h_INF_00005_cleared__results_cell_25.npz,gRNA,10,Untreated,78,81.04187694
CoV-FISH-01C_R1_10h_INF_00011_cleared__results_cell_24.npz,gRNA,10,Untreated,78,102.5152566
CoV-FISH-01C_R1_10h_INF_00017_cleared__results_cell_24.npz,gRNA,10,Untreated,78,74.21229624
CoV-FISH-01C_R1_10h_INF_00017_cleared__results_cell_26.npz,gRNA,10,Untreated,78,80.63593671
CoV-FISH-01C_R1_10h_INF_00003_cleared__results_cell_3.npz,gRNA,10,Untreated,77,69.38239401
CoV-FISH-01C_R1_10h_INF_00010_cleared__results_cell_10.npz,gRNA,10,Untreated,77,54.40288463
CoV-FISH-01C_R1_10h_INF_00012_cleared__results_cell_22.npz,gRNA,10,Untreated,77,81.04880666
CoV-FISH-01C_R1_10h_INF_00015_cleared__results_cell_3.npz,gRNA,10,Untreated,77,69.52198329
CoV-FISH-01C_R1_10h_INF_00013_cleared__results_cell_22.npz,gRNA,10,Untreated,76,82.68521195
CoV-FISH-01C_R1_10h_INF_00003_cleared__results_cell_8.npz,gRNA,10,Untreated,75,89.27652512
CoV-FISH-01C_R1_10h_INF_00012_cleared__results_cell_5.npz,gRNA,10,Untreated,74,64.84224138
CoV-FISH-01C_R1_10h_INF_00013_cleared__results_cell_23.npz,gRNA,10,Untreated,74,89.87633353
CoV-FISH-01C_R1_10h_INF_00016_cleared__results_cell_6.npz,gRNA,10,Untreated,74,64.77836766
CoV-FISH-01C_R1_10h_INF_00020_cleared__results_cell_1.npz,gRNA,10,Untreated,74,52.7421577
CoV-FISH-01C_R1_10h_INF_00004_cleared__results_cell_2.npz,gRNA,10,Untreated,73,71.13861913
CoV-FISH-01C_R1_10h_INF_00017_cleared__results_cell_5.npz,gRNA,10,Untreated,73,50.25376201
CoV-FISH-01C_R1_10h_INF_00006_cleared__results_cell_11.npz,gRNA,10,Untreated,72,72.07443679
CoV-FISH-01C_R1_10h_INF_00014_cleared__results_cell_26.npz,gRNA,10,Untreated,72,60.92235121
CoV-FISH-01C_R1_10h_INF_00001_cleared__results_cell_28.npz,gRNA,10,Untreated,71,84.17766115
CoV-FISH-01C_R1_10h_INF_00003_cleared__results_cell_12.npz,gRNA,10,Untreated,71,68.91143765
CoV-FISH-01C_R1_10h_INF_00005_cleared__results_cell_11.npz,gRNA,10,Untreated,71,77.33173916
CoV-FISH-01C_R1_10h_INF_00008_cleared__results_cell_13.npz,gRNA,10,Untreated,70,54.5224599
CoV-FISH-01C_R1_10h_INF_00010_cleared__results_cell_23.npz,gRNA,10,Untreated,70,67.57162225
CoV-FISH-01C_R1_10h_INF_00013_cleared__results_cell_17.npz,gRNA,10,Untreated,70,52.3762031
CoV-FISH-01C_R1_10h_INF_00014_cleared__results_cell_25.npz,gRNA,10,Untreated,69,80.25048342
CoV-FISH-01C_R1_10h_INF_00009_cleared__results_cell_13.npz,gRNA,10,Untreated,68,91.49917527
CoV-FISH-01C_R1_10h_INF_00012_cleared__results_cell_20.npz,gRNA,10,Untreated,68,52.12224611
CoV-FISH-01C_R1_10h_INF_00011_cleared__results_cell_19.npz,gRNA,10,Untreated,67,57.53277919
CoV-FISH-01C_R1_10h_INF_00015_cleared__results_cell_6.npz,gRNA,10,Untreated,67,75.3804026
CoV-FISH-01C_R1_10h_INF_00016_cleared__results_cell_15.npz,gRNA,10,Untreated,67,84.32241491
CoV-FISH-01C_R1_10h_INF_00009_cleared__results_cell_7.npz,gRNA,10,Untreated,66,84.61966643
CoV-FISH-01C_R1_10h_INF_00003_cleared__results_cell_27.npz,gRNA,10,Untreated,65,61.74989926
CoV-FISH-01C_R1_10h_INF_00006_cleared__results_cell_10.npz,gRNA,10,Untreated,65,56.89214891
CoV-FISH-01C_R1_10h_INF_00007_cleared__results_cell_17.npz,gRNA,10,Untreated,65,74.89609754
CoV-FISH-01C_R1_10h_INF_00014_cleared__results_cell_20.npz,gRNA,10,Untreated,65,54.4381266
CoV-FISH-01C_R1_10h_INF_00018_cleared__results_cell_13.npz,gRNA,10,Untreated,65,72.59565655
CoV-FISH-01C_R1_10h_INF_00019_cleared__results_cell_5.npz,gRNA,10,Untreated,65,71.59083092
CoV-FISH-01C_R1_10h_INF_00014_cleared__results_cell_8.npz,gRNA,10,Untreated,64,50.32843623
CoV-FISH-01C_R1_10h_INF_00019_cleared__results_cell_2.npz,gRNA,10,Untreated,64,60.7741257
CoV-FISH-01C_R1_10h_INF_00009_cleared__results_cell_11.npz,gRNA,10,Untreated,63,51.40914359
CoV-FISH-01C_R1_10h_INF_00007_cleared__results_cell_18.npz,gRNA,10,Untreated,62,49.53537771
CoV-FISH-01C_R1_10h_INF_00004_cleared__results_cell_8.npz,gRNA,10,Untreated,61,71.81281869
CoV-FISH-01C_R1_10h_INF_00010_cleared__results_cell_35.npz,gRNA,10,Untreated,61,68.08891046
CoV-FISH-01C_R1_10h_INF_00017_cleared__results_cell_17.npz,gRNA,10,Untreated,61,62.80954692
CoV-FISH-01C_R1_10h_INF_00008_cleared__results_cell_22.npz,gRNA,10,Untreated,60,63.43342996
CoV-FISH-01C_R1_10h_INF_00007_cleared__results_cell_11.npz,gRNA,10,Untreated,59,44.33950185
CoV-FISH-01C_R1_10h_INF_00008_cleared__results_cell_6.npz,gRNA,10,Untreated,59,63.25648103
CoV-FISH-01C_R1_10h_INF_00010_cleared__results_cell_13.npz,gRNA,10,Untreated,59,79.01381895
CoV-FISH-01C_R1_10h_INF_00014_cleared__results_cell_21.npz,gRNA,10,Untreated,59,69.37073153
CoV-FISH-01C_R1_10h_INF_00008_cleared__results_cell_20.npz,gRNA,10,Untreated,57,63.93104172
CoV-FISH-01C_R1_10h_INF_00011_cleared__results_cell_8.npz,gRNA,10,Untreated,57,76.30572972
CoV-FISH-01C_R1_10h_INF_00009_cleared__results_cell_10.npz,gRNA,10,Untreated,56,41.80979774
CoV-FISH-01C_R1_10h_INF_00004_cleared__results_cell_10.npz,gRNA,10,Untreated,55,37.85939844
CoV-FISH-01C_R1_10h_INF_00005_cleared__results_cell_18.npz,gRNA,10,Untreated,55,52.43516306
CoV-FISH-01C_R1_10h_INF_00013_cleared__results_cell_12.npz,gRNA,10,Untreated,55,36.92294546
CoV-FISH-01C_R1_10h_INF_00016_cleared__results_cell_0.npz,gRNA,10,Untreated,55,54.51982071
CoV-FISH-01C_R1_10h_INF_00020_cleared__results_cell_13.npz,gRNA,10,Untreated,55,66.57835653
CoV-FISH-01C_R1_10h_INF_00008_cleared__results_cell_12.npz,gRNA,10,Untreated,54,62.2181787
CoV-FISH-01C_R1_10h_INF_00009_cleared__results_cell_17.npz,gRNA,10,Untreated,54,41.3380161
CoV-FISH-01C_R1_10h_INF_00014_cleared__results_cell_11.npz,gRNA,10,Untreated,54,72.84934742
CoV-FISH-01C_R1_10h_INF_00014_cleared__results_cell_13.npz,gRNA,10,Untreated,54,66.18011245
CoV-FISH-01C_R1_10h_INF_00018_cleared__results_cell_8.npz,gRNA,10,Untreated,54,54.39422109
CoV-FISH-01C_R1_10h_INF_00019_cleared__results_cell_13.npz,gRNA,10,Untreated,54,52.83494271
CoV-FISH-01C_R1_10h_INF_00019_cleared__results_cell_7.npz,gRNA,10,Untreated,54,46.22692544
CoV-FISH-01C_R1_10h_INF_00017_cleared__results_cell_19.npz,gRNA,10,Untreated,53,68.80536972
CoV-FISH-01C_R1_10h_INF_00001_cleared__results_cell_16.npz,gRNA,10,Untreated,52,49.87927068
CoV-FISH-01C_R1_10h_INF_00002_cleared__results_cell_15.npz,gRNA,10,Untreated,51,47.98339587
CoV-FISH-01C_R1_10h_INF_00008_cleared__results_cell_8.npz,gRNA,10,Untreated,51,51.10681682
CoV-FISH-01C_R1_10h_INF_00009_cleared__results_cell_8.npz,gRNA,10,Untreated,51,41.77582067
CoV-FISH-01C_R1_10h_INF_00011_cleared__results_cell_18.npz,gRNA,10,Untreated,51,39.89651388
CoV-FISH-01C_R1_10h_INF_00013_cleared__results_cell_2.npz,gRNA,10,Untreated,51,41.70623686
CoV-FISH-01C_R1_10h_INF_00006_cleared__results_cell_5.npz,gRNA,10,Untreated,50,54.64499703
CoV-FISH-01C_R1_10h_INF_00007_cleared__results_cell_15.npz,gRNA,10,Untreated,50,42.88507761
CoV-FISH-01C_R1_10h_INF_00007_cleared__results_cell_3.npz,gRNA,10,Untreated,50,33.37263964
CoV-FISH-01C_R1_10h_INF_00009_cleared__results_cell_14.npz,gRNA,10,Untreated,50,49.15912772
CoV-FISH-01C_R1_10h_INF_00009_cleared__results_cell_21.npz,gRNA,10,Untreated,50,47.96704875
CoV-FISH-01C_R1_10h_INF_00010_cleared__results_cell_18.npz,gRNA,10,Untreated,50,61.8885847
CoV-FISH-01C_R1_10h_INF_00017_cleared__results_cell_6.npz,gRNA,10,Untreated,50,43.43778402
CoV-FISH-01C_R1_10h_INF_00017_cleared__results_cell_7.npz,gRNA,10,Untreated,50,33.31379866
CoV-FISH-01C_R1_10h_INF_00019_cleared__results_cell_1.npz,gRNA,10,Untreated,50,52.22294181
CoV-FISH-01C_R1_10h_INF_00012_cleared__results_cell_2.npz,gRNA,10,Untreated,49,41.16760378
CoV-FISH-01C_R1_10h_INF_00013_cleared__results_cell_13.npz,gRNA,10,Untreated,49,49.92710622
CoV-FISH-01C_R1_10h_INF_00016_cleared__results_cell_5.npz,gRNA,10,Untreated,49,60.10652845
CoV-FISH-01C_R1_10h_INF_00019_cleared__results_cell_29.npz,gRNA,10,Untreated,49,57.10969306
CoV-FISH-01C_R1_10h_INF_00001_cleared__results_cell_13.npz,gRNA,10,Untreated,48,31.82431339
CoV-FISH-01C_R1_10h_INF_00006_cleared__results_cell_15.npz,gRNA,10,Untreated,47,35.09433067
CoV-FISH-01C_R1_10h_INF_00015_cleared__results_cell_10.npz,gRNA,10,Untreated,47,58.65825216
CoV-FISH-01C_R1_10h_INF_00016_cleared__results_cell_2.npz,gRNA,10,Untreated,47,59.25533614
CoV-FISH-01C_R1_10h_INF_00018_cleared__results_cell_3.npz,gRNA,10,Untreated,47,43.98961412
CoV-FISH-01C_R1_10h_INF_00015_cleared__results_cell_13.npz,gRNA,10,Untreated,46,58.33288559
CoV-FISH-01C_R1_10h_INF_00005_cleared__results_cell_4.npz,gRNA,10,Untreated,45,55.12094175
CoV-FISH-01C_R1_10h_INF_00010_cleared__results_cell_9.npz,gRNA,10,Untreated,45,36.1903714
CoV-FISH-01C_R1_10h_INF_00011_cleared__results_cell_26.npz,gRNA,10,Untreated,45,54.87136055
CoV-FISH-01C_R1_10h_INF_00019_cleared__results_cell_28.npz,gRNA,10,Untreated,45,57.00719206
CoV-FISH-01C_R1_10h_INF_00002_cleared__results_cell_16.npz,gRNA,10,Untreated,44,30.47158532
CoV-FISH-01C_R1_10h_INF_00005_cleared__results_cell_24.npz,gRNA,10,Untreated,44,49.21936582
CoV-FISH-01C_R1_10h_INF_00012_cleared__results_cell_23.npz,gRNA,10,Untreated,43,52.87361573
CoV-FISH-01C_R1_10h_INF_00013_cleared__results_cell_1.npz,gRNA,10,Untreated,43,48.90410885
CoV-FISH-01C_R1_10h_INF_00001_cleared__results_cell_25.npz,gRNA,10,Untreated,42,55.67694827
CoV-FISH-01C_R1_10h_INF_00012_cleared__results_cell_19.npz,gRNA,10,Untreated,42,30.95412484
CoV-FISH-01C_R1_10h_INF_00016_cleared__results_cell_1.npz,gRNA,10,Untreated,42,45.79452935
CoV-FISH-01C_R1_10h_INF_00011_cleared__results_cell_4.npz,gRNA,10,Untreated,41,41.22724452
CoV-FISH-01C_R1_10h_INF_00012_cleared__results_cell_24.npz,gRNA,10,Untreated,41,52.61724575
CoV-FISH-01C_R1_10h_INF_00019_cleared__results_cell_24.npz,gRNA,10,Untreated,41,49.86178027
CoV-FISH-01C_R1_10h_INF_00020_cleared__results_cell_25.npz,gRNA,10,Untreated,41,51.47037124
CoV-FISH-01C_R1_10h_INF_00008_cleared__results_cell_0.npz,gRNA,10,Untreated,40,35.53908089
CoV-FISH-01C_R1_10h_INF_00010_cleared__results_cell_37.npz,gRNA,10,Untreated,40,30.35547439
CoV-FISH-01C_R1_10h_INF_00015_cleared__results_cell_5.npz,gRNA,10,Untreated,40,42.90174753
CoV-FISH-01C_R1_10h_INF_00020_cleared__results_cell_16.npz,gRNA,10,Untreated,40,44.16554395
CoV-FISH-01C_R1_10h_INF_00010_cleared__results_cell_5.npz,gRNA,10,Untreated,39,38.83284738
CoV-FISH-01C_R1_10h_INF_00011_cleared__results_cell_32.npz,gRNA,10,Untreated,39,33.24459304
CoV-FISH-01C_R1_10h_INF_00007_cleared__results_cell_13.npz,gRNA,10,Untreated,38,39.73052494
CoV-FISH-01C_R1_10h_INF_00013_cleared__results_cell_0.npz,gRNA,10,Untreated,38,40.64083798
CoV-FISH-01C_R1_10h_INF_00014_cleared__results_cell_18.npz,gRNA,10,Untreated,38,34.22921629
CoV-FISH-01C_R1_10h_INF_00003_cleared__results_cell_31.npz,gRNA,10,Untreated,37,47.41353795
CoV-FISH-01C_R1_10h_INF_00018_cleared__results_cell_9.npz,gRNA,10,Untreated,37,30.49740892
CoV-FISH-01C_R1_10h_INF_00005_cleared__results_cell_1.npz,gRNA,10,Untreated,36,29.2953756
CoV-FISH-01C_R1_10h_INF_00010_cleared__results_cell_19.npz,gRNA,10,Untreated,36,26.51502075
CoV-FISH-01C_R1_10h_INF_00010_cleared__results_cell_38.npz,gRNA,10,Untreated,36,44.28116071
CoV-FISH-01C_R1_10h_INF_00017_cleared__results_cell_1.npz,gRNA,10,Untreated,36,28.23279819
CoV-FISH-01C_R1_10h_INF_00020_cleared__results_cell_24.npz,gRNA,10,Untreated,36,28.31890206
CoV-FISH-01C_R1_10h_INF_00014_cleared__results_cell_24.npz,gRNA,10,Untreated,35,41.97238446
CoV-FISH-01C_R1_10h_INF_00015_cleared__results_cell_15.npz,gRNA,10,Untreated,35,45.99074351
CoV-FISH-01C_R1_10h_INF_00015_cleared__results_cell_4.npz,gRNA,10,Untreated,35,36.28754557
CoV-FISH-01C_R1_10h_INF_00018_cleared__results_cell_15.npz,gRNA,10,Untreated,35,31.48751926
CoV-FISH-01C_R1_10h_INF_00004_cleared__results_cell_5.npz,gRNA,10,Untreated,34,43.54912517
CoV-FISH-01C_R1_10h_INF_00010_cleared__results_cell_12.npz,gRNA,10,Untreated,34,30.20532377
CoV-FISH-01C_R1_10h_INF_00012_cleared__results_cell_7.npz,gRNA,10,Untreated,34,30.46709549
CoV-FISH-01C_R1_10h_INF_00001_cleared__results_cell_29.npz,gRNA,10,Untreated,33,30.33063364
CoV-FISH-01C_R1_10h_INF_00013_cleared__results_cell_37.npz,gRNA,10,Untreated,33,23.70177156
CoV-FISH-01C_R1_10h_INF_00001_cleared__results_cell_14.npz,gRNA,10,Untreated,32,30.45125307
CoV-FISH-01C_R1_10h_INF_00008_cleared__results_cell_1.npz,gRNA,10,Untreated,32,25.34522858
CoV-FISH-01C_R1_10h_INF_00008_cleared__results_cell_19.npz,gRNA,10,Untreated,32,23.3380916
CoV-FISH-01C_R1_10h_INF_00008_cleared__results_cell_21.npz,gRNA,10,Untreated,32,42.16202594
CoV-FISH-01C_R1_10h_INF_00003_cleared__results_cell_0.npz,gRNA,10,Untreated,31,40.91060491
CoV-FISH-01C_R1_10h_INF_00005_cleared__results_cell_16.npz,gRNA,10,Untreated,31,30.66039302
CoV-FISH-01C_R1_10h_INF_00009_cleared__results_cell_18.npz,gRNA,10,Untreated,31,25.36364908
CoV-FISH-01C_R1_10h_INF_00009_cleared__results_cell_3.npz,gRNA,10,Untreated,31,22.34091666
CoV-FISH-01C_R1_10h_INF_00017_cleared__results_cell_9.npz,gRNA,10,Untreated,31,33.92763433
CoV-FISH-01C_R1_10h_INF_00019_cleared__results_cell_26.npz,gRNA,10,Untreated,31,29.42240633
CoV-FISH-01C_R1_10h_INF_00020_cleared__results_cell_19.npz,gRNA,10,Untreated,31,23.49206718
CoV-FISH-01C_R1_10h_INF_00008_cleared__results_cell_3.npz,gRNA,10,Untreated,30,26.40769873
CoV-FISH-01C_R1_10h_INF_00017_cleared__results_cell_13.npz,gRNA,10,Untreated,30,38.14408757
CoV-FISH-01C_R1_10h_INF_00006_cleared__results_cell_13.npz,gRNA,10,Untreated,29,28.80911431
CoV-FISH-01C_R1_10h_INF_00010_cleared__results_cell_7.npz,gRNA,10,Untreated,29,28.16635354
CoV-FISH-01C_R1_10h_INF_00011_cleared__results_cell_30.npz,gRNA,10,Untreated,29,28.16994407
CoV-FISH-01C_R1_10h_INF_00010_cleared__results_cell_25.npz,gRNA,10,Untreated,28,27.08744221
CoV-FISH-01C_R1_10h_INF_00012_cleared__results_cell_25.npz,gRNA,10,Untreated,28,25.72601958
CoV-FISH-01C_R1_10h_INF_00011_cleared__results_cell_31.npz,gRNA,10,Untreated,27,27.79277022
CoV-FISH-01C_R1_10h_INF_00008_cleared__results_cell_2.npz,gRNA,10,Untreated,26,17.42514137
CoV-FISH-01C_R1_10h_INF_00001_cleared__results_cell_33.npz,gRNA,10,Untreated,24,20.31255285
CoV-FISH-01C_R1_10h_INF_00013_cleared__results_cell_21.npz,gRNA,10,Untreated,24,22.65131065
CoV-FISH-01C_R1_10h_INF_00009_cleared__results_cell_12.npz,gRNA,10,Untreated,23,18.6074425
CoV-FISH-01C_R1_10h_INF_00015_cleared__results_cell_7.npz,gRNA,10,Untreated,23,18.52193639
CoV-FISH-01C_R1_10h_INF_00019_cleared__results_cell_30.npz,gRNA,10,Untreated,23,24.82285887
CoV-FISH-01C_R1_10h_INF_00019_cleared__results_cell_31.npz,gRNA,10,Untreated,23,30.13399577
CoV-FISH-01C_R1_10h_INF_00002_cleared__results_cell_2.npz,gRNA,10,Untreated,22,32.65537705
CoV-FISH-01C_R1_10h_INF_00006_cleared__results_cell_16.npz,gRNA,10,Untreated,22,50.92721409
CoV-FISH-01C_R1_10h_INF_00016_cleared__results_cell_10.npz,gRNA,10,Untreated,22,44.4116042
CoV-FISH-01C_R1_10h_INF_00001_cleared__results_cell_0.npz,gRNA,10,Untreated,21,57.90049065
CoV-FISH-01C_R1_10h_INF_00006_cleared__results_cell_8.npz,gRNA,10,Untreated,20,43.75293481
CoV-FISH-01C_R1_10h_INF_00010_cleared__results_cell_2.npz,gRNA,10,Untreated,20,21.82646475
CoV-FISH-01C_R1_10h_INF_00009_cleared__results_cell_6.npz,gRNA,10,Untreated,19,9.35436418
CoV-FISH-01C_R1_10h_INF_00014_cleared__results_cell_14.npz,gRNA,10,Untreated,19,18.48931912
CoV-FISH-01C_R1_10h_INF_00013_cleared__results_cell_34.npz,gRNA,10,Untreated,18,43.40507242
CoV-FISH-01C_R1_10h_INF_00010_cleared__results_cell_11.npz,gRNA,10,Untreated,17,38.03503122
CoV-FISH-01C_R1_10h_INF_00020_cleared__results_cell_3.npz,gRNA,10,Untreated,17,25.80766962
CoV-FISH-01C_R1_10h_INF_00009_cleared__results_cell_24.npz,gRNA,10,Untreated,16,11.8168855
CoV-FISH-01C_R1_10h_INF_00017_cleared__results_cell_3.npz,gRNA,10,Untreated,16,20.01581152
CoV-FISH-01C_R1_10h_INF_00007_cleared__results_cell_19.npz,gRNA,10,Untreated,15,41.13888232
CoV-FISH-01C_R1_10h_INF_00018_cleared__results_cell_4.npz,gRNA,10,Untreated,15,25.83231565
CoV-FISH-01C_R1_10h_INF_00011_cleared__results_cell_7.npz,gRNA,10,Untreated,14,24.90314213
CoV-FISH-01C_R1_10h_INF_00008_cleared__results_cell_9.npz,gRNA,10,Untreated,13,30.18356292
CoV-FISH-01C_R1_10h_INF_00010_cleared__results_cell_39.npz,gRNA,10,Untreated,13,33.79698241
CoV-FISH-01C_R1_10h_INF_00010_cleared__results_cell_6.npz,gRNA,10,Untreated,13,38.15342809
CoV-FISH-01C_R1_10h_INF_00014_cleared__results_cell_16.npz,gRNA,10,Untreated,13,34.38192987
CoV-FISH-01C_R1_10h_INF_00018_cleared__results_cell_19.npz,gRNA,10,Untreated,13,26.04928036
CoV-FISH-01C_R1_10h_INF_00003_cleared__results_cell_28.npz,gRNA,10,Untreated,12,18.50464564
CoV-FISH-01C_R1_10h_INF_00003_cleared__results_cell_5.npz,gRNA,10,Untreated,11,11.15741421
CoV-FISH-01C_R1_10h_INF_00017_cleared__results_cell_2.npz,gRNA,10,Untreated,11,29.96316925
CoV-FISH-01C_R1_10h_INF_00020_cleared__results_cell_20.npz,gRNA,10,Untreated,11,0.592762318
CoV-FISH-01C_R1_10h_INF_00010_cleared__results_cell_4.npz,gRNA,10,Untreated,10,21.34447997
CoV-FISH-01C_R1_10h_INF_00018_cleared__results_cell_21.npz,gRNA,10,Untreated,10,22.04855747
CoV-FISH-01C_R1_10h_INF_00013_cleared__results_cell_36.npz,gRNA,10,Untreated,8,41.98392766
CoV-FISH-01C_R1_10h_INF_00019_cleared__results_cell_8.npz,gRNA,10,Untreated,8,22.23040363
CoV-FISH-01C_R1_10h_INF_00005_cleared__results_cell_12.npz,gRNA,10,Untreated,7,0.343527494
CoV-FISH-01C_R1_10h_INF_00009_cleared__results_cell_26.npz,gRNA,10,Untreated,7,9.999338762
CoV-FISH-01C_R1_10h_INF_00002_cleared__results_cell_7.npz,gRNA,10,Untreated,6,3.636250226
CoV-FISH-01C_R1_10h_INF_00009_cleared__results_cell_9.npz,gRNA,10,Untreated,4,10.44581588
CoV-FISH-01C_R1_10h_INF_00015_cleared__results_cell_1.npz,gRNA,10,Untreated,3,5.124470805
CoV-FISH-01C_R1_10h_INF_00017_cleared__results_cell_12.npz,gRNA,10,Untreated,3,4.447973615
CoV-FISH-01C_R1_10h_INF_00018_cleared__results_cell_6.npz,gRNA,10,Untreated,2,3.781807059
CoV-FISH-01C_R1_10h_INF_00019_cleared__results_cell_6.npz,gRNA,10,Untreated,2,8.015257503
CoV-FISH-01C_R1_10h_INF_00010_cleared__results_cell_34.npz,gRNA,10,Untreated,1,0.624084012
CoV-FISH-01C_R1_10h_INF_00003_cleared__results_cell_1.npz,gRNA,10,Untreated,0,0
CoV-FISH-01C_R1_10h_INF_00003_cleared__results_cell_2.npz,gRNA,10,Untreated,0,0
CoV-FISH-01C_R1_10h_INF_00004_cleared__results_cell_0.npz,gRNA,10,Untreated,0,0
CoV-FISH-01C_R1_10h_INF_00005_cleared__results_cell_27.npz,gRNA,10,Untreated,0,0
CoV-FISH-01C_R1_10h_INF_00005_cleared__results_cell_28.npz,gRNA,10,Untreated,0,0
CoV-FISH-01C_R1_10h_INF_00007_cleared__results_cell_14.npz,gRNA,10,Untreated,0,0
CoV-FISH-01C_R1_10h_INF_00010_cleared__results_cell_1.npz,gRNA,10,Untreated,0,0
CoV-FISH-01C_R1_10h_INF_00013_cleared__results_cell_14.npz,gRNA,10,Untreated,0,0
CoV-FISH-01C_R1_10h_INF_00013_cleared__results_cell_20.npz,gRNA,10,Untreated,0,0
CoV-FISH-01C_R1_10h_INF_00013_cleared__results_cell_9.npz,gRNA,10,Untreated,0,0
CoV-FISH-01C_R1_10h_INF_00015_cleared__results_cell_8.npz,gRNA,10,Untreated,0,0
CoV-FISH-01C_R1_10h_INF_00018_cleared__results_cell_0.npz,gRNA,10,Untreated,0,0
CoV-FISH-01C_R1_10h_INF_00019_cleared__results_cell_16.npz,gRNA,10,Untreated,0,0
CoV-FISH-01C_R1_10h_INF_00020_cleared__results_cell_0.npz,gRNA,10,Untreated,0,0
CoV-FISH-01C_R1_10h_INF_00020_cleared__results_cell_18.npz,gRNA,10,Untreated,0,0
CoV-FISH-01C_R1_10h_INF_00020_cleared__results_cell_26.npz,gRNA,10,Untreated,0,0